{"cameraMode":{"drawMode":0,"name":"Shaded","section":"Shading Mode"},"sceneLighting":false,"audioPlay":false,"sceneViewState":{"m_AlwaysRefresh":false,"showFog":true,"showSkybox":false,"showFlares":true,"showImageEffects":true,"showParticleSystems":true,"showVisualEffectGraphs":true,"m_FxEnabled":true},"in2DMode":false,"pivot":{"x":0.013556987047195435,"y":-0.03936292231082916,"z":-0.0017805397510528565},"rotation":{"x":-0.07730364054441452,"y":0.17583909630775453,"z":-0.013837386853992939,"w":-0.9813334941864014},"size":0.25650420784950259,"orthographic":false}