{"cameraMode":{"drawMode":0,"name":"Shaded","section":"Shading Mode"},"sceneLighting":false,"audioPlay":false,"sceneViewState":{"m_AlwaysRefresh":false,"showFog":true,"showSkybox":false,"showFlares":true,"showImageEffects":true,"showParticleSystems":true,"showVisualEffectGraphs":true,"m_FxEnabled":true},"in2DMode":false,"pivot":{"x":-8.940696716308594e-8,"y":0.019999969750642778,"z":0.04999999701976776},"rotation":{"x":-0.42961549758911135,"y":0.22730426490306855,"z":-0.11268046498298645,"w":-0.8666693568229675},"size":0.4616546928882599,"orthographic":false}