{"cameraMode":{"drawMode":0,"name":"Shaded","section":"Shading Mode"},"sceneLighting":false,"audioPlay":false,"sceneViewState":{"m_AlwaysRefresh":false,"showFog":true,"showSkybox":false,"showFlares":true,"showImageEffects":true,"showParticleSystems":true,"showVisualEffectGraphs":true,"m_FxEnabled":true},"in2DMode":false,"pivot":{"x":0.09525969624519348,"y":-0.03642004728317261,"z":0.2053096890449524},"rotation":{"x":-0.47250157594680788,"y":0.3257177174091339,"z":-0.1933998465538025,"w":-0.7957992553710938},"size":0.4616546928882599,"orthographic":false}