{"cameraMode":{"drawMode":0,"name":"Shaded","section":"Shading Mode"},"sceneLighting":true,"audioPlay":false,"sceneViewState":{"m_AlwaysRefresh":false,"showFog":true,"showSkybox":true,"showFlares":true,"showImageEffects":true,"showParticleSystems":true,"showVisualEffectGraphs":true,"m_FxEnabled":true},"in2DMode":false,"pivot":{"x":0.1149754598736763,"y":1.3870943784713746,"z":-1.6987223625183106},"rotation":{"x":-0.13452117145061494,"y":0.03743016719818115,"z":-0.005311023443937302,"w":-0.9903903603553772},"size":0.3296351432800293,"orthographic":false}