{"cameraMode":{"drawMode":0,"name":"Shaded","section":"Shading Mode"},"sceneLighting":true,"audioPlay":false,"sceneViewState":{"m_AlwaysRefresh":false,"showFog":true,"showSkybox":true,"showFlares":true,"showImageEffects":true,"showParticleSystems":true,"showVisualEffectGraphs":true,"m_FxEnabled":true},"in2DMode":false,"pivot":{"x":0.8151782751083374,"y":0.5491524338722229,"z":-2.929806709289551},"rotation":{"x":-0.12189549952745438,"y":0.11318833380937576,"z":-0.014230212196707726,"w":-0.9861656427383423},"size":0.3296351432800293,"orthographic":false}